City_ID,City,Lat,Lng,Max Temp,Humidity,Cloudiness,Wind Speed,Country,Date
0,anadyr,64.75,177.4833,247.59,75,0,7.0,RU,1702407831
1,princeville,45.7668,-61.2985,276.29,73,20,6.17,CA,1702407831
2,stjordalshalsen,63.4681,10.9262,267.55,86,0,4.12,NO,1702407831
3,ilulissat,69.2167,-51.1,262.44,89,100,2.48,GL,1702407831
4,punta arenas,-53.15,-70.9167,285.16,58,75,13.89,CL,1702407688
5,ribeira grande,38.5167,-28.7,288.37,55,40,5.81,PT,1702407832
6,piacabucu,-10.4056,-36.4344,301.54,65,6,5.07,BR,1702407832
7,thompson,55.7435,-97.8558,257.24,72,100,4.12,CA,1702407832
8,hermanus,-34.4187,19.2345,288.98,61,18,4.2,ZA,1702407832
9,chak azam sahu,30.75,73.0333,287.09,29,0,2.49,PK,1702407832
10,port alfred,-33.5906,26.891,288.81,94,100,3.05,ZA,1702407833
11,westport,41.1415,-73.3579,280.48,52,0,6.26,US,1702407675
12,mount isa,-20.7333,139.5,301.02,65,100,2.57,AU,1702407833
13,zolochiv,49.806,24.8944,274.79,100,100,3.18,UA,1702407833
14,uige,-7.6087,15.0613,292.57,97,100,0.45,AO,1702407833
15,enewetak,11.3474,162.3373,300.89,78,82,9.09,MH,1702407833
16,fada,9.5667,8.3,293.04,21,0,2.91,NG,1702407833
17,papatowai,-46.5619,169.4708,282.26,83,100,5.25,NZ,1702407833
18,adamstown,-25.066,-130.1015,294.18,90,100,4.2,PN,1702407834
19,revda,56.801,59.9303,249.43,88,100,1.63,RU,1702407564
20,lebu,-37.6167,-73.65,287.53,68,0,9.78,CL,1702407834
21,olonkinbyen,70.9221,-8.7187,270.71,65,33,6.14,SJ,1702407834
22,invercargill,-46.4,168.35,283.17,92,100,5.64,NZ,1702407834
23,port-aux-francais,-49.35,70.2167,278.42,90,87,9.05,TF,1702407834
24,chonchi,-42.6128,-73.8092,288.71,55,76,1.43,CL,1702407834
25,fort william,56.8165,-5.1121,279.43,89,100,2.76,GB,1702407834
26,seneca,41.1167,-83.1166,280.91,64,11,7.27,US,1702407834
27,arraial do cabo,-22.9661,-42.0278,300.13,65,40,8.23,BR,1702407599
28,blackmans bay,-43.0167,147.3167,285.66,84,100,2.17,AU,1702407835
29,puerto natales,-51.7236,-72.4875,286.4,47,75,16.98,CL,1702407835
30,edinburgh of the seven seas,-37.0676,-12.3116,288.81,94,100,4.11,SH,1702407835
31,wotho,10.1657,166.0102,300.62,72,48,9.76,MH,1702407835
32,constantia,44.1833,28.65,277.53,83,10,4.34,RO,1702407835
33,clovis,36.8252,-119.7029,289.73,59,0,2.06,US,1702407618
34,port mathurin,-19.6833,63.4167,299.57,75,43,5.56,MU,1702407701
35,wailua homesteads,22.0669,-159.378,295.85,90,100,2.06,US,1702407835
36,grytviken,-54.2811,-36.5092,278.21,95,100,4.31,GS,1702407835
37,waitangi,-43.9535,-176.5597,284.16,85,100,2.68,NZ,1702407836
38,camayenne,9.535,-13.6878,304.2,70,0,4.12,GN,1702407836
39,rimouski,48.4488,-68.524,268.97,73,9,6.2,CA,1702407603
40,bethel,41.3712,-73.414,280.02,53,0,1.34,US,1702407650
41,ambagarh chauki,20.7833,80.7167,290.11,63,51,0.88,IN,1702407836
42,ushuaia,-54.8,-68.3,284.96,40,0,4.12,AR,1702407836
43,port elizabeth,-33.918,25.5701,288.76,94,75,1.54,ZA,1702407836
44,clement town,30.2667,78.0667,283.4,40,0,2.52,IN,1702407836
45,albany,42.6001,-73.9662,279.62,56,6,1.34,US,1702407618
46,tazacorte,28.629,-17.9293,293.69,54,0,3.13,ES,1702407836
47,yellowknife,62.456,-114.3525,258.94,99,75,6.17,CA,1702407713
48,alaghsas,17.0187,8.0168,295.09,17,0,6.69,NE,1702407837
49,siniscola,40.5719,9.6922,289.9,80,100,3.29,IT,1702407837
50,nakatunguru,-2.1167,33.0667,295.17,70,100,3.61,TZ,1702407837
51,bonthe,7.5264,-12.505,301.0,75,2,3.41,SL,1702407837
52,dudinka,69.4058,86.1778,249.08,92,98,7.15,RU,1702407837
53,bredasdorp,-34.5322,20.0403,288.37,55,29,2.12,ZA,1702407837
54,avarua,-21.2078,-159.775,299.18,89,100,6.69,CK,1702407837
55,pagar alam,-4.0167,103.2667,291.87,95,55,1.72,ID,1702407837
56,hawaiian paradise park,19.5933,-154.9731,298.09,88,100,0.45,US,1702407838
57,basco,20.4487,121.9702,299.02,74,0,9.65,PH,1702407838
58,west island,-12.1568,96.8225,299.14,78,40,3.6,CC,1702407838
59,olyokminsk,60.3736,120.4264,244.62,93,100,2.89,RU,1702407838
60,ajasse ipo,8.2333,4.8167,298.27,28,0,1.77,NG,1702407838
61,zhigalovo,54.8097,105.1578,237.54,100,57,0.21,RU,1702407838
62,dongola,19.1667,30.4833,291.27,37,6,5.23,SD,1702407839
63,uglegorsk,49.0833,142.0333,261.26,78,100,5.44,RU,1702407839
64,talagang,32.9297,72.4158,284.33,34,0,0.75,PK,1702407839
65,tiksi,71.6872,128.8694,252.16,100,100,5.03,RU,1702407839
66,kone,-21.0595,164.8658,296.36,76,46,1.26,NC,1702407839
67,queenstown,-31.8976,26.8753,285.58,86,100,4.0,ZA,1702407774
68,la villa del rosario,10.3258,-72.3134,305.11,54,76,3.05,VE,1702407840
69,zambezi,-13.5432,23.1047,294.2,81,32,1.44,ZM,1702407840
70,penha,-26.7694,-48.6458,300.31,78,0,5.14,BR,1702407822
71,bodo,67.28,14.405,268.58,69,0,7.2,NO,1702407840
72,fisterra,42.9049,-9.2629,286.49,76,100,8.77,ES,1702407840
73,menongue,-14.6585,17.691,295.85,62,100,1.32,AO,1702407840
74,dabeiba,7.0017,-76.2672,302.94,80,93,2.06,CO,1702407840
75,kerikeri,-35.2268,173.9474,287.54,84,100,4.03,NZ,1702407840
76,kodiak,57.79,-152.4072,266.88,73,0,4.12,US,1702407841
77,nar'yan-mar,67.6713,53.087,259.32,96,89,4.02,RU,1702407841
78,antalaha,-14.9003,50.2788,297.84,87,46,2.72,MG,1702407841
79,sao jose da coroa grande,-8.8978,-35.1478,300.95,71,31,5.09,BR,1702407841
80,codrington,-38.2667,141.9667,290.12,93,99,2.21,AU,1702407841
81,birao,10.2849,22.7882,298.05,16,68,3.59,CF,1702407842
82,chernyshevskiy,63.0128,112.4714,244.81,97,100,2.86,RU,1702407842
83,bathinda,30.2,74.95,287.13,31,0,2.24,IN,1702407842
84,petropavlovsk-kamchatsky,53.0452,158.6483,260.48,72,75,5.0,RU,1702407842
85,georgetown,5.4112,100.3354,299.11,95,20,0.0,MY,1702407843
86,sonegaon,20.65,78.6833,292.53,62,67,1.68,IN,1702407843
87,lai chau,22.3997,103.4517,289.34,97,10,1.06,VN,1702407843
88,jamestown,42.097,-79.2353,280.12,53,0,8.75,US,1702407691
89,pout,14.7739,-17.0603,302.57,37,0,3.09,SN,1702407846
90,kotel'nikovo,47.6317,43.1461,267.44,77,100,11.14,RU,1702407847
91,iqaluit,63.7506,-68.5145,261.0,72,75,6.17,CA,1702407551
92,fale old settlement,-9.3852,-171.2468,301.66,77,100,4.44,TK,1702407847
93,eydhafushi,5.1033,73.0708,300.37,78,100,4.38,MV,1702407848
94,saint-francois,46.4154,3.9054,284.84,78,100,2.57,FR,1702407848
95,malango,-2.9627,119.9001,293.94,97,100,0.56,ID,1702407849
96,dhuusamarreeb,5.535,46.3861,299.97,55,93,6.38,SO,1702407849
97,abepura,-2.6333,140.5833,298.6,89,20,1.54,ID,1702407850
98,arauquita,7.0292,-71.4281,306.0,45,70,1.9,CO,1702407794
99,minas de marcona,-15.2119,-75.1103,294.92,56,34,6.01,PE,1702407850
100,puerto ayora,-0.7393,-90.3518,304.13,79,63,4.46,EC,1702407851
101,klyuchi,52.2667,79.1667,247.57,83,10,4.29,RU,1702407851
102,lihue,21.9789,-159.3672,296.18,89,100,2.06,US,1702407852
103,whitehorse,60.7161,-135.0538,275.58,75,100,8.75,CA,1702407594
104,olinala,17.8333,-98.85,297.08,44,5,1.74,MX,1702407852
105,taourirt,34.4073,-2.8973,293.15,40,96,1.29,MA,1702407853
106,ibiuna,-23.6564,-47.2225,300.81,56,4,4.56,BR,1702407854
107,qionghu,28.843,112.3522,280.25,79,100,1.96,CN,1702407854
108,san pedro,14.35,121.0167,299.99,85,75,1.03,PH,1702407854
109,makrana,27.05,74.7167,288.04,27,11,2.44,IN,1702407855
110,tofol,5.3248,163.0078,301.28,78,100,6.64,FM,1702407855
111,aykhal,66.0,111.5,247.76,98,100,3.35,RU,1702407856
112,san julian,21.0167,-102.1667,288.87,44,100,2.03,MX,1702407856
113,ola,59.5833,151.2833,264.61,85,100,2.23,RU,1702407857
114,rikaze,29.25,88.8833,266.74,57,0,1.3,CN,1702407858
115,nova vicosa,-17.8919,-39.3719,301.36,68,95,7.05,BR,1702407690
116,auki,-8.7676,160.7034,297.71,90,73,1.14,SB,1702407858
117,novyy urengoy,66.0833,76.6333,251.98,97,99,4.42,RU,1702407859
118,san pedro carcha,15.4833,-90.2667,289.49,94,100,2.06,GT,1702407859
119,salekhard,66.53,66.6019,255.98,89,100,4.51,RU,1702407859
120,kirakira,-10.4544,161.9205,298.7,88,59,2.41,SB,1702407859
121,jiuquan,39.7432,98.5174,268.79,48,96,2.3,CN,1702407859
122,burang,30.25,81.1667,261.15,92,100,3.06,CN,1702407859
123,chiredzi,-21.05,31.6667,296.23,85,100,5.18,ZW,1702407859
124,nchelenge,-9.3451,28.734,294.81,84,89,0.12,ZM,1702407860
125,aras-asan,8.8908,126.3033,299.47,83,86,3.09,PH,1702407860
126,konstantinovka,49.6167,127.9833,241.95,93,5,2.02,RU,1702407860
127,borskoye,53.0333,51.7167,253.16,76,100,6.79,RU,1702407860
128,tondano,1.3038,124.9112,293.2,94,100,1.41,ID,1702407860
129,ceerigaabo,10.6162,47.368,288.88,76,12,1.29,SO,1702407860
130,crane,31.3974,-102.3501,286.65,54,100,10.1,US,1702407861
131,antofagasta,-23.65,-70.4,293.75,63,11,5.3,CL,1702407790
132,fort saskatchewan,53.7168,-113.2187,274.52,59,9,2.68,CA,1702407698
133,isafjordur,66.0755,-23.124,269.17,68,40,1.54,IS,1702407863
134,punta del este,-34.9667,-54.95,303.21,51,40,3.6,UY,1702407863
135,labytnangi,66.6572,66.4183,255.92,88,100,3.9,RU,1702407863
136,dunedin,-45.8742,170.5036,282.48,91,100,4.02,NZ,1702407864
137,turabah,21.2141,41.6331,292.58,60,2,4.2,SA,1702407864
138,okha,53.5739,142.9478,251.78,91,60,9.64,RU,1702407864
139,uturoa,-16.7333,-151.4333,299.83,79,100,8.71,PF,1702407864
140,springbok,-29.6643,17.8865,289.95,40,0,2.53,ZA,1702407865
141,tynda,55.1667,124.7167,235.27,97,22,1.78,RU,1702407865
142,saint-pierre,-21.3393,55.4781,296.97,78,0,2.06,RE,1702407865
143,argostolion,38.1811,20.489,286.34,56,94,1.39,GR,1702407865
144,souillac,-20.5167,57.5167,298.36,94,75,0.0,MU,1702407865
145,port saint john's,-31.6229,29.5448,292.66,84,100,6.89,ZA,1702407866
146,san patricio,28.017,-97.5169,295.85,51,100,5.25,US,1702407867
147,isangel,-19.55,169.2667,296.21,88,75,1.03,VU,1702407868
148,labrador city,52.9463,-66.9114,264.1,79,100,4.12,CA,1702407868
149,quellon,-43.1167,-73.6167,285.08,68,100,2.6,CL,1702407768
150,tillaberi,14.2117,1.4531,295.58,18,0,4.49,NE,1702407869
151,novyy turtkul',41.55,61.0167,256.1,48,100,8.51,UZ,1702407869
152,mitsamiouli,-11.3847,43.2844,301.36,73,21,2.71,KM,1702407869
153,zhangye,38.9342,100.4517,272.91,31,27,2.51,CN,1702407870
154,sake,-1.5736,29.045,290.72,95,99,0.61,CD,1702407870
155,new norfolk,-42.7826,147.0587,286.32,75,100,1.13,AU,1702407870
156,el bauga,18.262,33.9081,294.02,24,100,7.77,SD,1702407870
157,upper grand lagoon,30.1633,-85.7408,289.23,44,100,2.68,US,1702407870
158,vila franca do campo,37.7167,-25.4333,288.38,74,3,4.97,PT,1702407871
159,swakopmund,-22.6833,14.5333,290.36,80,3,1.34,NA,1702407871
160,riofrio,4.1571,-76.2885,297.78,92,99,1.8,CO,1702407619
161,kavaratti,10.5669,72.642,301.24,71,8,1.6,IN,1702407871
162,saudarkrokur,65.7461,-19.6394,268.96,67,100,8.11,IS,1702407872
163,udachny,66.4167,112.4,249.67,97,100,3.58,RU,1702407872
164,susuman,62.7833,148.1667,247.03,96,100,1.34,RU,1702407873
165,rabaul,-4.1967,152.1721,299.62,81,93,2.98,PG,1702407873
166,sandnessjoen,66.0217,12.6316,270.21,61,0,2.57,NO,1702407798
167,sao geraldo do araguaia,-6.4006,-48.555,301.91,75,78,0.65,BR,1702407874
168,tobelo,1.7284,128.0095,299.74,84,100,2.42,ID,1702407874
169,ta`u,-14.2336,-169.5144,299.89,87,100,8.03,AS,1702407874
170,bryan,30.6744,-96.37,293.61,50,0,3.09,US,1702407605
171,atafu village,-8.5421,-172.5159,302.09,76,100,6.82,TK,1702407875
172,vuktyl,63.8567,57.3094,253.21,93,100,6.71,RU,1702407876
173,nuuk,64.1835,-51.7216,267.49,79,100,4.12,GL,1702407023
174,soio,-6.1349,12.3689,300.86,77,97,2.24,AO,1702407876
175,oppdal,62.5943,9.6912,261.71,88,42,3.66,NO,1702407876
176,floro,61.5996,5.0328,275.13,87,75,7.72,NO,1702407798
177,mareeba,-17.0,145.4333,296.73,91,100,2.07,AU,1702407876
178,lerwick,60.1545,-1.1494,276.15,85,50,3.34,GB,1702407876
179,abalak,58.1286,68.5944,247.79,86,100,4.43,RU,1702407877
180,sisimiut,66.9395,-53.6735,266.36,92,100,7.31,GL,1702407877
181,hamilton,39.1834,-84.5333,283.66,50,0,5.14,US,1702407769
182,stanley,54.868,-1.6985,280.11,96,75,4.63,GB,1702407877
183,nema,57.5067,50.5011,256.1,77,100,6.54,RU,1702407877
184,bay city,43.5945,-83.8889,276.33,60,75,8.75,US,1702407623
185,petrovsk-zabaykal'skiy,51.273,108.843,245.22,100,30,0.71,RU,1702407877
186,bandundu,-3.3167,17.3667,296.31,96,100,0.99,CD,1702407878
187,margaret river,-33.95,115.0667,289.0,90,3,2.31,AU,1702407879
188,cadale,2.7603,46.3222,300.64,77,97,6.82,SO,1702407879
189,tyukalinsk,55.8732,72.1967,245.21,92,100,3.24,RU,1702407879
190,robbah,33.2797,6.9098,290.95,29,100,3.82,DZ,1702407879
191,carnarvon,-24.8667,113.6333,296.17,76,0,5.29,AU,1702407879
192,rongelap,11.1635,166.8941,300.5,76,88,10.29,MH,1702407879
193,moranbah,-22.0016,148.0466,296.07,85,86,7.55,AU,1702407879
194,tezu,27.9167,96.1667,289.35,66,100,1.72,IN,1702407879
195,darovskoy,58.77,47.9564,257.86,77,100,6.24,RU,1702407880
196,yanam,16.7333,82.2167,294.72,83,41,1.59,IN,1702407880
197,balaklava,44.5,33.6,281.69,66,100,0.69,UA,1702407880
198,puerto baquerizo moreno,-0.9,-89.6,301.7,70,75,5.14,EC,1702407881
199,pauini,-7.7136,-66.9764,304.2,60,99,0.79,BR,1702407881
200,luwuk,-0.9516,122.7875,299.26,80,98,1.86,ID,1702407881
201,jabor,5.921,169.6434,301.07,83,100,10.06,MH,1702407881
202,al jawf,29.5,38.75,288.13,63,12,5.4,SA,1702407881
203,vila velha,-20.3297,-40.2925,300.12,83,75,7.6,BR,1702407757
204,trairi,-3.2778,-39.2689,302.7,60,4,6.82,BR,1702407864
205,hinatuan,8.3722,126.3342,298.24,89,48,2.01,PH,1702407882
206,kribi,2.95,9.9167,299.96,83,100,2.89,CM,1702407882
207,vallegrande,-18.4897,-64.1069,300.25,42,36,5.1,BO,1702407882
208,emerald,-23.5333,148.1667,293.9,83,0,5.24,AU,1702407883
209,haiku-pauwela,20.9219,-156.3051,297.16,78,40,5.66,US,1702407883
210,college,64.8569,-147.8028,258.96,86,75,0.0,US,1702407602
211,bubaque,11.2833,-15.8333,301.02,62,4,5.17,GW,1702407883
212,margate,51.3813,1.3862,282.54,91,84,3.58,GB,1702407884
213,san francisco,37.7749,-122.4194,287.93,84,40,2.06,US,1702407746
214,severo-yeniseyskiy,60.3725,93.0408,234.03,100,58,0.45,RU,1702407884
215,fortuna,40.5982,-124.1573,284.07,100,100,0.0,US,1702407884
216,don sak,9.3168,99.6918,299.13,84,100,2.89,TH,1702407884
217,digne-les-bains,44.0833,6.25,281.85,92,100,1.44,FR,1702407884
218,zalanga,10.6143,10.1765,292.8,26,0,2.4,NG,1702407885
219,saipan,15.1355,145.701,299.54,78,20,5.14,MP,1702407885
220,la foa,-21.7108,165.8276,296.18,73,16,2.28,NC,1702407885
221,tarawa,1.419,172.984,300.2,89,20,1.03,KI,1702407737
222,grand falls-windsor,48.9332,-55.6649,276.21,72,66,1.79,CA,1702407886
223,tanjung pandan,-2.75,107.65,299.15,85,56,1.68,ID,1702407886
224,puerto carreno,6.189,-67.4859,308.14,49,20,3.6,CO,1702407886
225,san juan de miraflores,-12.1629,-76.9635,295.44,75,76,3.85,PE,1702407886
226,puerto colombia,10.9878,-74.9547,304.2,73,2,9.42,CO,1702407886
227,tarfaya,27.9358,-12.9218,293.73,62,0,6.24,MA,1702407886
228,hasaki,35.7333,140.8333,282.2,63,100,12.9,JP,1702407887
229,harstad,68.799,16.5293,269.9,81,54,2.89,NO,1702407887
230,xilin hot,43.9667,116.0333,254.89,98,57,2.57,CN,1702407887
231,ayaviri,-14.8864,-70.5889,289.58,43,94,3.08,PE,1702407887
232,holualoa,19.6228,-155.9522,297.47,70,20,3.09,US,1702407888
233,tura,25.5198,90.2201,289.01,84,100,0.86,IN,1702407888
234,ostrovskoye,57.8057,42.2433,262.54,93,100,6.03,RU,1702407888
235,tawau,4.2498,117.8871,298.22,86,96,1.89,MY,1702407888
236,poli,-3.3333,36.8,291.58,83,20,2.57,TZ,1702407888
237,tindouf,27.6711,-8.1474,293.4,24,0,2.06,DZ,1702407742
238,torquay,50.4638,-3.5143,282.92,91,12,2.24,GB,1702407889
239,lubang,13.8584,120.124,300.66,81,36,9.84,PH,1702407889
240,salym,60.0625,71.4789,251.66,83,100,4.6,RU,1702407890
241,tongging,2.8969,98.5262,293.93,94,100,0.49,ID,1702407890
242,dunay,42.8803,132.3375,264.85,50,7,8.11,RU,1702407890
243,jalai nur,49.45,117.7,239.32,97,6,1.36,CN,1702407890
244,talnakh,69.4865,88.3972,246.04,95,99,4.77,RU,1702407890
245,sitka,57.0531,-135.33,277.26,91,100,5.82,US,1702407662
246,ladnun,27.65,74.3833,289.13,26,8,3.21,IN,1702407891
247,mejit,10.2753,170.8646,300.45,79,100,10.45,MH,1702407891
248,jiagedaqi,50.4167,124.1167,244.53,95,5,1.56,CN,1702407892
249,sant'antioco,39.0664,8.4522,289.13,88,21,0.71,IT,1702407892
250,blenheim,-41.516,173.9528,285.11,78,4,0.45,NZ,1702407892
251,bilibino,68.0546,166.4372,252.73,95,100,1.76,RU,1702407892
252,yuzhno-kurilsk,44.0306,145.8556,273.91,76,23,10.11,RU,1702407892
253,freetown,8.484,-13.2299,302.99,74,20,3.09,SL,1702407893
254,bridgewater,44.3835,-64.5155,278.94,60,2,6.69,CA,1702407716
255,rio san juan,19.6439,-70.0763,303.24,72,100,4.88,DO,1702407893
256,bikenibeu village,1.3673,173.1241,300.13,89,75,1.03,KI,1702407893
257,la paz,-16.5,-68.15,289.03,57,75,4.12,BO,1702407612
258,peniche,39.3558,-9.3811,287.75,86,100,5.31,PT,1702407894
259,suva,-18.1416,178.4415,295.86,94,75,1.54,FJ,1702407782
260,bijie,27.3125,105.2942,284.8,90,0,3.7,CN,1702407894
261,cheboksary,56.1322,47.2519,256.48,66,20,8.94,RU,1702407894
262,coahuayana de hidalgo,18.7,-103.6583,305.3,38,11,1.73,MX,1702407894
263,khandyga,62.6667,135.6,240.21,99,100,0.83,RU,1702407894
264,mogocha,53.7333,119.7667,238.44,98,17,1.27,RU,1702407895
265,kayenta,36.7278,-110.2546,278.7,27,100,1.28,US,1702407895
266,hailey,43.5196,-114.3153,276.93,69,40,4.12,US,1702407895
267,djibo,14.1022,-1.6306,296.44,16,0,4.48,BF,1702407895
268,veraval,20.9,70.3667,295.31,49,88,3.42,IN,1702407896
269,aasiaat,68.7098,-52.8699,265.11,73,100,3.51,GL,1702407800
270,leava,-14.3,-178.1667,300.4,67,100,4.75,WF,1702407896
271,keflavik,64.0049,-22.5624,275.39,93,100,10.29,IS,1702407896
272,kingscliff,-28.2667,153.5667,294.11,94,61,0.0,AU,1702407896
273,banka,24.8833,86.9167,289.49,42,0,1.76,IN,1702407897
274,saldanha,-33.0117,17.9442,289.18,68,0,13.01,ZA,1702407897
275,dampit,-8.2116,112.7493,295.02,98,59,0.27,ID,1702407897
276,gizo,-8.103,156.8419,300.06,76,63,1.57,SB,1702407897
277,nuriootpa,-34.4833,139.0,292.58,77,0,3.19,AU,1702407898
278,hadibu,12.65,54.0333,297.61,72,97,3.8,YE,1702407898
279,longyearbyen,78.2186,15.6401,263.06,67,75,1.03,SJ,1702407898
280,cabo san lucas,22.8909,-109.9124,301.82,53,40,1.54,MX,1702407898
281,montereau-fault-yonne,48.3833,2.95,285.08,83,61,7.12,FR,1702407898
282,bouca,6.5105,18.2733,297.66,27,100,1.13,CF,1702407898
283,renqiu,38.6989,116.0936,269.72,91,100,2.07,CN,1702407899
284,siwa oasis,29.2041,25.5195,288.54,57,0,3.7,EG,1702407899
285,norfolk,42.1668,-71.2495,280.19,51,0,6.17,US,1702407899
286,afaahiti,-17.75,-149.2833,302.08,84,97,9.28,PF,1702407899
287,el alto,-4.2714,-81.2147,300.96,67,94,6.16,PE,1702407900
288,ha'il,27.5219,41.6907,287.16,94,75,2.06,SA,1702407900
289,ust-nera,64.5667,143.2,250.49,99,100,3.47,RU,1702407900
290,utrik,11.2278,169.8474,299.68,78,100,9.6,MH,1702407901
291,quillacollo,-17.4,-66.2833,303.19,28,20,4.12,BO,1702407901
292,nyagan,62.1406,65.3936,253.43,80,98,4.92,RU,1702407901
293,nieves,15.3274,120.9485,299.88,82,12,1.55,PH,1702407902
294,opuwo,-18.0607,13.84,300.02,23,63,3.79,NA,1702407902
295,okhotsk,59.3833,143.3,257.84,97,100,5.22,RU,1702407902
296,kenai,60.5544,-151.2583,269.9,86,100,1.54,US,1702407902
297,chivacoa,10.1603,-68.895,301.94,68,71,2.31,VE,1702407903
298,bayganin,48.6947,55.8742,254.84,56,88,9.23,KZ,1702407904
299,kelibia,36.8476,11.0939,291.29,88,0,1.54,TN,1702407905
300,kununurra,-15.7667,128.7333,301.14,78,100,0.0,AU,1702407891
301,minot,48.2325,-101.2963,269.27,54,100,6.17,US,1702407838
302,vorkuta,67.5,64.0,255.74,96,100,5.57,RU,1702407906
303,gunjur,13.2019,-16.7339,300.19,61,1,1.54,GM,1702407906
304,funadhoo,6.15,73.2667,299.81,77,44,1.81,MV,1702407907
305,muriti,-1.9833,32.9167,296.62,70,100,2.73,TZ,1702407907
306,nieuw amsterdam,5.8833,-55.0833,307.24,75,20,3.09,SR,1702407907
307,tazovsky,67.4667,78.7,250.48,94,100,4.22,RU,1702407908
308,xam nua,20.4197,104.0439,291.01,96,89,1.01,LA,1702407908
309,badger,64.8,-147.5333,259.29,85,100,0.0,US,1702407909
310,mahendranagar,28.9167,80.3333,285.27,54,0,3.18,NP,1702407910
311,kidal,18.4411,1.4078,293.96,20,0,4.76,ML,1702407910
312,south weber,41.1324,-111.9302,278.34,81,0,2.68,US,1702407910
313,luderitz,-26.6481,15.1594,289.62,73,0,15.65,NA,1702407911
314,nemuro,43.3236,145.575,272.8,67,43,10.09,JP,1702407911
315,tsiombe,-25.3,45.4833,297.26,86,100,0.13,MG,1702407911
316,kunashak,55.7032,61.5498,246.44,80,100,5.41,RU,1702407912
317,kingston,17.997,-76.7936,303.68,70,20,8.23,JM,1702407876
318,guerrero negro,27.9769,-114.0611,292.33,58,100,0.59,MX,1702407912
319,devils lake,48.1128,-98.8651,264.79,70,0,3.6,US,1702407700
320,nago,26.5881,127.9761,293.62,76,97,5.39,JP,1702407912
321,al bardiyah,31.7561,25.0865,291.66,67,6,7.27,LY,1702407913
322,bathsheba,13.2167,-59.5167,302.49,74,40,7.72,BB,1702407913
323,pacific grove,36.6177,-121.9166,290.59,68,0,4.92,US,1702407835
324,ciudad melchor muzquiz,27.8833,-101.5167,287.8,43,70,3.66,MX,1702407913
325,flying fish cove,-10.4217,105.6791,298.97,88,100,2.57,CX,1702407913
326,camacupa,-12.0167,17.4833,291.17,91,71,1.84,AO,1702407914
327,hithadhoo,-0.6,73.0833,301.18,73,22,1.88,MV,1702407914
328,qamdo,31.1667,97.2333,263.41,56,24,3.23,CN,1702407914
329,embi,48.8264,58.1442,253.15,70,9,8.32,KZ,1702407914
330,altai,46.3722,96.2583,256.52,88,100,0.2,MN,1702407915
331,mutuali,-14.8706,37.0044,302.51,44,100,1.68,MZ,1702407915
332,east london,-33.0153,27.9116,290.67,82,100,2.57,ZA,1702407685
333,farsan,32.2569,50.561,274.17,30,100,1.23,IR,1702407915
334,robertsport,6.7533,-11.3686,301.0,77,0,3.31,LR,1702407916
335,bogatyye saby,56.0102,50.4483,252.68,82,100,7.49,RU,1702407916
336,jatoba,-9.1831,-38.2689,308.04,22,13,5.2,BR,1702407916
337,racine,42.7495,-88.0751,275.44,63,0,4.12,US,1702407917
338,wajir,1.7471,40.0573,302.13,74,0,0.0,KE,1702407917
339,brisas de zicatela,15.8369,-97.0419,304.44,51,0,3.6,MX,1702407917
340,fort st. john,56.2499,-120.8529,273.09,51,75,4.63,CA,1702407917
341,mao,39.8885,4.2658,289.46,100,0,3.6,ES,1702407918
342,yeppoon,-23.1333,150.7333,296.03,71,87,4.02,AU,1702407918
343,san antonio de pale,-1.4014,5.6325,300.24,79,67,3.37,GQ,1702407918
344,qaqortoq,60.7167,-46.0333,272.88,98,100,3.73,GL,1702407918
345,saint-philippe,-21.3585,55.7679,296.92,84,45,4.36,RE,1702407918
346,gimbi,9.1667,35.8333,288.54,51,18,0.53,ET,1702407919
347,atar,20.5169,-13.0499,298.64,13,100,4.3,MR,1702407919
348,san mariano,7.5,126.0,294.46,95,68,1.52,PH,1702407919
349,acarau,-2.8856,-40.12,300.7,80,6,10.7,BR,1702407920
350,ilomantsi,62.6716,30.9328,262.98,95,100,2.84,FI,1702407920
351,ardakan,32.31,54.0175,284.03,38,100,1.66,IR,1702407920
352,st. john's,47.5649,-52.7093,278.03,83,75,14.4,CA,1702407793
353,cockburn town,21.4612,-71.1419,299.7,79,100,9.36,TC,1702407921
354,igarka,67.4667,86.5833,244.29,93,54,6.0,RU,1702407921
355,iskateley,67.6803,53.1512,259.27,96,86,4.02,RU,1702407921
356,cortez,37.3489,-108.5859,284.57,25,0,6.38,US,1702407858
357,campo formoso,-10.5075,-40.3214,305.69,29,86,3.28,BR,1702407762
358,bulgan,48.8125,103.5347,251.93,97,100,0.8,MN,1702407922
359,namibe,-15.1961,12.1522,296.34,74,71,1.93,AO,1702407922
360,tokar,18.4254,37.729,300.4,68,0,3.72,SD,1702407922
361,birni n konni,13.7956,5.2553,294.8,19,0,4.78,NE,1702407922
362,sola,-13.8833,167.55,298.97,60,89,6.62,VU,1702407922
363,coquimbo,-29.9533,-71.3436,292.0,72,20,6.69,CL,1702407772
364,shiguai,40.7058,110.2856,270.15,76,100,2.12,CN,1702407922
365,warwick,41.7001,-71.4162,280.41,51,20,7.72,US,1702407643
366,concepcion,-36.827,-73.0498,293.04,52,0,8.75,CL,1702407810
367,nyachera,-0.9,30.4167,290.66,91,99,0.53,UG,1702407923
368,mossel bay,-34.1831,22.146,289.11,65,54,2.7,ZA,1702407923
369,san fernando de apure,7.8878,-67.4724,309.83,34,50,3.73,VE,1702407923
370,tavda,58.0425,65.2726,249.09,84,100,3.58,RU,1702407738
371,chibougamau,49.9168,-74.3659,265.94,86,100,5.14,CA,1702407909
372,dryden,49.7833,-92.7503,263.31,79,100,6.17,CA,1702407803
373,ji'an,27.1172,114.9793,281.7,83,100,1.68,CN,1702407924
374,camabatela,-8.1881,15.375,290.39,98,100,0.85,AO,1702407924
375,ciudad lazaro cardenas,17.9583,-102.2,304.9,41,16,1.54,MX,1702407924
376,kas,36.2018,29.6377,287.51,58,12,2.9,TR,1702407924
377,usogorsk,63.4106,48.6872,260.19,93,100,3.96,RU,1702407924
378,hanceville,34.0607,-86.7675,287.38,34,50,1.52,US,1702407925
379,dolores,-36.3132,-57.6792,304.53,38,7,4.99,AR,1702407925
380,puerto aysen,-45.4,-72.7,284.98,82,100,2.62,CL,1702407925
381,vernon,50.2581,-119.2691,275.16,70,100,1.79,CA,1702407917
382,chinde,26.8418,88.0763,283.69,71,63,1.92,NP,1702407925
383,tolanaro,-25.0319,46.9987,300.19,83,20,7.2,MG,1702407926
384,nagaur,27.2,73.7333,290.11,30,89,2.44,IN,1702407926
385,santa cruz,-17.8,-63.1667,310.18,39,40,7.72,BO,1702407914
386,as sulayyil,20.4607,45.5779,291.29,21,8,3.77,SA,1702407926
387,coruripe,-10.1256,-36.1756,302.45,58,7,5.1,BR,1702407926
388,aginskoye,51.1,114.53,245.21,94,5,1.36,RU,1702407927
389,vorgashor,67.5833,63.95,255.44,95,100,5.58,RU,1702407927
390,tual,-5.6667,132.75,301.26,82,100,5.8,ID,1702407927
391,dalandzadgad,43.5708,104.425,261.38,85,83,2.7,MN,1702407928
392,san justo,-30.7891,-60.5919,306.47,58,31,7.15,AR,1702407928
393,karratha,-20.7377,116.8463,299.74,71,3,8.93,AU,1702407928
394,ugoofaaru,5.6667,73.0,300.18,77,92,3.13,MV,1702407928
395,rauma,61.1272,21.5113,264.17,91,100,3.9,FI,1702407928
396,taungdwingyi,20.0167,95.55,295.46,88,1,1.42,MM,1702407928
397,vilyuysk,63.7553,121.6247,241.05,98,98,3.2,RU,1702407929
398,novozavedennoye,44.2628,43.6381,272.76,95,100,6.78,RU,1702407929
399,la ronge,55.1001,-105.2842,261.29,61,20,2.57,CA,1702407929
400,yuxia,34.0615,108.6291,276.49,83,100,5.92,CN,1702407930
401,enterprise,36.0252,-115.2419,288.51,21,20,2.06,US,1702407930
402,kot samaba,28.5522,70.4684,289.34,24,12,4.02,PK,1702407930
403,east ballina,-28.8667,153.5833,289.85,99,100,1.12,AU,1702407930
404,loushanguan,28.1375,106.82,283.54,92,96,2.57,CN,1702407930
405,hereford,52.0568,-2.7148,282.23,93,100,1.79,GB,1702407846
406,puerto ayacucho,5.6639,-67.6236,307.69,46,62,1.46,VE,1702407931
407,island harbour,50.724,-1.2758,282.19,90,18,1.34,GB,1702407931
408,shenjiamen,29.9576,122.298,283.01,71,100,2.98,CN,1702407931
409,zouerate,22.7187,-12.4521,295.94,15,87,3.95,MR,1702407931
410,lompoc,34.6391,-120.4579,294.78,57,0,1.79,US,1702407924
411,dubbo,-32.25,148.6167,294.22,78,78,6.69,AU,1702407932
412,samara,53.0,50.0,255.48,78,100,6.85,RU,1702407932
413,semporna,4.4818,118.6112,299.05,89,100,2.23,MY,1702407932
414,trinidad,-14.8333,-64.9,306.14,62,40,3.09,BO,1702407932
415,cobh,51.8572,-8.2992,281.73,93,75,8.75,IE,1702407933
416,gazipasa,36.2694,32.3179,286.2,94,75,2.06,TR,1702407933
417,jalalpur,32.6374,74.2183,284.08,93,0,0.0,PK,1702407933
418,riviere-du-loup,47.8304,-69.5342,269.64,79,86,9.77,CA,1702407767
419,usinsk,65.9939,57.5281,257.08,95,100,8.49,RU,1702407681
420,luanda,-8.8368,13.2343,300.15,83,20,2.06,AO,1702407934
421,pokrovsk,48.282,37.1758,273.34,89,100,5.9,UA,1702407934
422,walvis bay,-22.9575,14.5053,290.42,86,5,2.19,NA,1702407935
423,la'ie,21.6477,-157.9253,299.85,77,2,0.89,US,1702407935
424,sakon nakhon,17.3333,103.8333,294.37,77,64,3.07,TH,1702407935
425,port lincoln,-34.7333,135.8667,290.69,67,32,5.36,AU,1702407935
426,flin flon,54.7682,-101.865,257.06,85,75,1.54,CA,1702407936
427,aral,40.5156,81.2636,271.35,54,96,5.7,CN,1702407936
428,chegdomyn,51.1167,133.0167,239.36,100,94,0.97,RU,1702407936
429,watsa,3.0372,29.5355,293.72,86,100,1.42,CD,1702407936
430,krasnopillya,50.7746,35.2597,273.18,97,100,5.51,UA,1702407936
431,ibradi,37.0969,31.5992,279.25,87,100,0.89,TR,1702407936
432,nuku'alofa,-21.1333,-175.2,296.34,94,20,1.03,TO,1702407937
433,bodri,23.1667,81.4333,288.46,62,100,1.58,IN,1702407937
434,labasa,-16.4167,179.3833,297.63,77,26,1.09,FJ,1702407937
435,porbandar,21.6422,69.6093,294.31,41,7,3.87,IN,1702407937
436,essaouira,31.5125,-9.77,295.87,33,26,0.51,MA,1702407938
437,kapuskasing,49.4169,-82.4331,265.2,79,100,6.17,CA,1702407938
438,axim,4.8699,-2.2405,300.58,77,4,2.49,GH,1702407938
439,ebon,4.582,168.6964,300.69,81,100,8.67,MH,1702407938
440,mil'kovo,55.6078,37.7956,265.61,91,100,6.67,RU,1702407938
441,abashiri,44.0213,144.2697,270.8,61,29,8.25,JP,1702407938
442,kedougou,12.5579,-12.1743,308.47,21,0,2.06,SN,1702407938
443,juneau,58.3019,-134.4197,277.15,83,100,11.32,US,1702407209
444,sambava,-14.2667,50.1667,298.67,84,100,1.06,MG,1702407939
445,paramonga,-10.6667,-77.8333,296.12,74,47,4.87,PE,1702407939
446,quarai,-30.3875,-56.4514,304.54,45,0,4.97,BR,1702407939
447,ubari,26.5921,12.7805,286.08,37,0,1.46,LY,1702407940
448,vilyuchinsk,52.9306,158.4028,261.3,85,100,1.53,RU,1702407940
449,nelson bay,-32.7167,152.15,294.82,94,6,3.58,AU,1702407940
450,howrah,22.5892,88.3103,290.15,82,0,0.0,IN,1702407940
451,cox's bazar,21.4532,91.9798,296.65,57,0,4.1,BD,1702407920
452,prince rupert,54.3161,-130.3201,281.98,79,100,21.09,CA,1702407941
453,tufanganj,26.3167,89.6667,291.24,71,5,1.65,IN,1702407941
454,borogontsy,62.6683,131.1683,241.33,97,100,2.97,RU,1702407941
455,aksu,41.1231,80.2644,269.84,65,0,2.58,CN,1702407941
456,san luis de la loma,17.2706,-100.8939,306.05,44,72,2.45,MX,1702407942
457,ankang,32.68,109.0172,279.91,81,100,2.58,CN,1702407786
458,erenhot,43.6475,111.9767,262.35,66,99,7.43,CN,1702407942
459,serrinha,-11.6642,-39.0075,304.74,39,98,6.06,BR,1702407942
460,turpan,42.9333,89.1667,273.74,41,100,1.82,CN,1702407943
461,yuanping,38.7153,112.7575,268.0,95,100,0.89,CN,1702407943
462,aswan,24.0934,32.907,292.76,39,0,3.09,EG,1702407716
463,turkmenabat,39.0733,63.5786,260.14,52,0,4.12,TM,1702407674
464,pathein,16.7833,94.7333,298.31,83,27,3.33,MM,1702407943
465,bandarbeyla,9.4942,50.8122,298.37,69,55,8.1,SO,1702407657
466,pizarro,4.9533,-77.366,302.06,80,52,3.85,CO,1702407943
467,arteche,12.2645,125.4048,299.44,88,4,5.08,PH,1702407944
468,al hazm,16.1641,44.7769,290.67,23,92,1.34,YE,1702407944
469,nanyamba,-10.6833,39.8333,295.68,97,13,1.02,TZ,1702407944
470,worland,44.0169,-107.9554,276.79,83,0,1.54,US,1702407804
471,brookings,44.3114,-96.7984,271.69,47,0,2.57,US,1702407677
472,polyarnyy,69.1989,33.4478,256.65,100,67,4.8,RU,1702407944
473,les anglais,18.3054,-74.2197,301.54,74,91,1.59,HT,1702407944
474,luganville,-15.5333,167.1667,294.7,86,88,0.7,VU,1702407945
475,newman,37.3138,-121.0208,286.61,44,0,2.15,US,1702407945
476,lagos,6.5833,3.75,300.33,71,5,1.65,NG,1702407873
477,peace river,56.2501,-117.286,270.32,74,75,5.66,CA,1702407647
478,balabac,7.9868,117.0645,300.97,76,6,7.27,PH,1702407945
479,olinda,-8.0089,-34.8553,302.0,70,40,5.66,BR,1702407789
480,rio grande,-32.035,-52.0986,303.21,71,1,8.72,BR,1702407751
481,kampong thom,12.7111,104.8887,296.28,74,77,2.32,KH,1702407945
482,eldorado,-23.7869,-54.2836,304.61,56,42,2.4,BR,1702407946
483,paracale,14.2804,122.7881,299.21,86,13,4.69,PH,1702407946
484,paciran,-6.8767,112.3761,299.84,83,15,2.8,ID,1702407946
485,hrubieszow,50.805,23.8925,275.08,97,100,3.66,PL,1702407946
486,bam,29.106,58.357,286.84,27,100,1.28,IR,1702407946
487,mbekenyera,-10.0,38.9833,296.3,97,100,1.65,TZ,1702407946
488,copala,16.65,-98.9833,303.97,48,0,3.35,MX,1702407946
489,sumbe,-11.2061,13.8437,299.21,85,43,1.43,AO,1702407947
490,brak,27.5496,14.2714,289.21,32,0,1.54,LY,1702407947
491,sault ste. marie,46.5168,-84.3333,271.46,74,100,11.32,CA,1702407747
492,happy valley-goose bay,53.3168,-60.3315,270.32,80,100,5.14,CA,1702407947
493,archidona,37.0965,-4.3887,289.46,83,9,0.89,ES,1702407947
494,farasan,16.7022,42.1183,300.96,63,100,2.49,SA,1702407947
495,ponta delgada,37.7333,-25.6667,288.55,72,40,5.14,PT,1702407947
496,carbonear,47.7332,-53.2148,278.29,80,100,12.39,CA,1702407947
497,alice springs,-23.7,133.8833,290.9,59,0,0.51,AU,1702407948
498,laktasi,44.9081,17.3008,280.07,100,20,1.03,BA,1702407948
499,katsuren-haebaru,26.3369,127.8719,294.16,74,100,3.6,JP,1702407948
500,ostersund,63.1792,14.6357,265.4,100,100,2.06,SE,1702407948
501,ujae,8.9322,165.7642,300.73,72,100,9.82,MH,1702407948
502,boca do acre,-8.7522,-67.3978,308.45,43,81,1.19,BR,1702407831
503,cidade velha,14.9167,-23.6167,299.41,50,0,6.69,CV,1702407948
504,izazi,-7.2,35.7333,299.51,61,89,2.1,TZ,1702407948
505,mount gambier,-37.8333,140.7667,289.26,98,100,0.94,AU,1702407949
506,kolonia,50.9333,6.95,284.2,89,20,3.6,DE,1702407949
507,ancud,-41.8697,-73.8203,284.64,71,0,7.34,CL,1702407949
508,lake havasu city,34.4839,-114.3224,292.72,22,0,0.89,US,1702407778
509,tarauaca,-8.1614,-70.7656,304.23,65,100,1.17,BR,1702407949
510,sant lluis,39.8526,4.2594,289.37,100,0,3.6,ES,1702407949
511,chippewa falls,44.9369,-91.3929,271.58,63,0,5.14,US,1702407901
512,inarajan village,13.2736,144.7484,300.23,92,89,8.04,GU,1702407949
513,copiapo,-27.3667,-70.3333,292.98,25,71,4.86,CL,1702407949
514,gadzhiyevo,69.2551,33.3362,262.88,96,83,6.68,RU,1702407949
515,praia da vitoria,38.7333,-27.0667,287.46,82,40,7.56,PT,1702407950
516,nyala,12.05,24.8833,295.86,18,24,6.13,SD,1702407950
517,waingapu,-9.6567,120.2641,299.68,85,88,1.62,ID,1702407950
518,angaur state,6.906,134.13,301.74,76,100,8.68,PW,1702407950
519,boa vista,2.8197,-60.6733,306.14,49,40,2.06,BR,1702407830
520,esqueda,30.7167,-109.5833,293.1,17,100,4.66,MX,1702407950
521,kristinestad,62.2743,21.376,261.54,91,100,3.92,FI,1702407951
522,tucuma,-0.1833,-50.05,304.39,58,6,4.98,BR,1702407913
523,bellampalli,19.0558,79.493,292.64,63,100,0.19,IN,1702407951
524,astorga,-23.2325,-51.6656,303.28,47,19,2.11,BR,1702407831
525,ushachy,55.1786,28.6035,273.72,99,100,3.05,BY,1702407951
526,dipayal,29.2608,80.94,283.45,65,40,1.35,NP,1702407951
527,minab,27.1467,57.0801,294.82,48,91,0.35,IR,1702407951
528,"laikit, laikit ii (dimembe)",1.4792,124.9735,295.62,100,40,0.51,ID,1702407951
529,port augusta,-32.5,137.7667,294.18,42,23,3.32,AU,1702407951
530,alofi,-19.0595,-169.9187,298.09,88,75,1.03,NU,1702407952
531,basudebpur,21.1353,86.7386,290.95,53,62,1.55,IN,1702407952
532,mbanza-ngungu,-5.25,14.8667,293.22,96,18,0.47,CD,1702407952
533,puerto la cruz,10.2167,-64.6167,300.39,77,1,3.47,VE,1702407952
534,kourou,5.1552,-52.6478,303.18,70,88,4.02,GF,1702407952
535,ad darb,17.7229,42.2526,299.93,66,10,0.84,SA,1702407952
536,nova sintra,14.8667,-24.7167,295.67,67,4,4.9,CV,1702407952
537,myeik,12.4333,98.6,298.41,84,12,1.66,MM,1702407952
538,kailua-kona,19.6406,-155.9956,300.1,70,20,3.09,US,1702407953
539,hirara,24.8,125.2833,294.3,78,100,8.23,JP,1702407953
540,kaesong,37.9708,126.5544,274.96,82,4,1.88,KP,1702407953
541,eyl,7.9803,49.8164,298.56,72,57,7.5,SO,1702407953
542,abu qurqas,27.9312,30.8384,289.51,47,0,3.87,EG,1702407953
543,akureyri,65.6835,-18.0878,269.11,74,0,3.6,IS,1702407953
544,conceicao da barra,-18.5933,-39.7322,301.72,65,6,5.93,BR,1702407692
545,ain oussera,35.4514,2.9058,291.16,31,100,2.43,DZ,1702407954
546,yaren,-0.5472,166.916,302.01,75,100,5.04,NR,1702407954
547,kolonia town,6.964,158.206,301.47,82,54,8.62,FM,1702407954
548,vanino,49.0869,140.2543,252.0,70,2,4.97,RU,1702407954
549,samut sakhon,13.5833,100.3,302.14,76,100,0.81,TH,1702407954
550,fort bragg,35.139,-79.006,285.32,47,2,0.89,US,1702407754
551,bang saphan,11.2126,99.5117,296.81,91,28,0.87,TH,1702407954
552,onguday,50.75,86.15,251.46,98,85,0.42,RU,1702407954
553,raduzhnyy,62.0961,77.475,250.77,88,100,5.05,RU,1702407954
554,balkashino,52.5167,68.7667,242.36,94,14,0.85,KZ,1702407955
555,mae hong son,19.3003,97.9685,294.1,98,42,0.47,TH,1702407955
556,lanark,55.6737,-3.7817,279.05,95,100,6.32,GB,1702407955
557,manokwari,-0.8667,134.0833,298.77,89,100,3.26,ID,1702407955
558,egilsstadir,65.2653,-14.3948,263.1,79,0,2.57,IS,1702407799
559,porto belo,-27.1578,-48.5531,301.31,72,0,3.04,BR,1702407955
560,bismarck,46.8083,-100.7837,269.07,64,100,6.17,US,1702407955
561,alapayevsk,57.8516,61.6963,253.59,76,100,3.91,RU,1702407956
562,kandra,22.85,86.05,289.29,54,1,0.52,IN,1702407956
563,tougan,13.0667,-3.0667,298.79,16,5,4.21,BF,1702407956
564,funafuti,-8.5243,179.1942,302.15,84,75,1.03,TV,1702407813
565,monte alegre,-2.0078,-54.0692,308.99,35,81,3.02,BR,1702407956
566,hazorasp,41.3194,61.0742,256.06,48,100,8.72,UZ,1702407956
567,piti village,13.4626,144.6933,300.18,86,0,3.6,GU,1702407956
568,sinabang,2.4803,96.3801,298.54,88,100,2.32,ID,1702407957
569,barcelos,41.5388,-8.6151,288.23,91,100,2.74,PT,1702407957
570,portland,45.5234,-122.6762,285.08,73,20,9.26,US,1702407957
571,guapiles,10.2159,-83.7866,304.95,95,100,1.83,CR,1702407956
572,mando,10.7167,6.5667,295.53,18,5,3.99,NG,1702407957
573,antonio enes,-16.2325,39.9086,300.8,80,41,5.42,MZ,1702407746
574,timiryazevskoye,56.49,84.8769,241.96,79,48,0.8,RU,1702407958
575,amarpur,25.0333,86.9,289.19,41,0,1.82,IN,1702407958
576,north la crosse,43.8464,-91.2482,274.52,54,0,3.6,US,1702407958
577,huntington,38.4193,-82.4452,284.65,43,0,4.63,US,1702407958
578,zhaoqing,23.0512,112.4597,290.64,73,77,1.64,CN,1702407958
579,howard springs,-12.497,131.047,299.1,96,100,1.9,AU,1702407958
580,yemva,62.59,50.8594,259.42,94,100,4.51,RU,1702407958
581,pontarlier,46.8333,6.25,280.9,96,100,5.18,FR,1702407958
582,batu pahat,1.8548,102.9325,297.04,95,100,2.24,MY,1702407959
583,darnah,32.767,22.6367,292.42,75,79,10.86,LY,1702407959
584,sassandra,4.95,-6.0833,298.81,84,9,1.72,CI,1702407959
585,anyama,5.4946,-4.0518,299.6,71,21,2.38,CI,1702407959
586,surab,28.4914,66.2585,281.9,25,100,4.05,PK,1702407959
587,manaure,11.7751,-72.4445,300.22,82,0,11.19,CO,1702407959
588,aur,8.1499,171.1687,300.82,80,100,10.19,MH,1702407959
589,kanniyakumari,8.0833,77.5667,299.52,79,100,9.07,IN,1702407960
590,mapimi,25.8167,-103.85,292.6,38,16,3.37,MX,1702407960
591,paros,37.0833,25.15,287.76,84,20,2.57,GR,1702407770
592,tosno,59.54,30.8775,269.05,96,100,3.37,RU,1702407960
593,botolan,15.2896,120.0245,298.88,76,11,1.92,PH,1702407960
594,toledo,39.8333,-4.0,287.21,76,100,7.28,ES,1702407566
595,coyhaique,-45.5752,-72.0662,288.12,44,75,3.09,CL,1702407917
596,faya-largeau,17.9257,19.1043,293.37,26,0,8.92,TD,1702407961
597,facatativa,4.8137,-74.3545,294.9,63,62,2.71,CO,1702407961
598,humaita,-7.5061,-63.0208,307.47,48,98,0.42,BR,1702407961
599,myski,53.709,87.8014,241.82,100,41,0.61,RU,1702407961
